"video_id","channel_id","start_date"
"QlU9gtahQJM","UC7OjdmWesJHZiqZwxeljkYQ",2026-03-26
"5IRVj86YdDc","UC2IpSjwGIQ1IMUHF6e-gmVw",2026-03-26
"6QsedHMNQZ8","UC0QkdbSQlLB3yuvVg6Ga7eg",2026-03-26
"q388YcfuFww","UCCv-2IH7-YazDLVZ7BEIhkg",2026-03-26
"qRR1M3EdGCI","UC1TWG3vZgFm-n6NpeKDx4jA",2026-03-26
"XkNS-5uCziU","UC4zSeC2mJb1mQd1XGk4wjmw",2026-03-26
"_OZSVpHQy98","UCYxE-PBo06P035AxeZdQm4w",2026-03-26
"Qzev_UOu_9E","UC4zSeC2mJb1mQd1XGk4wjmw",2026-03-27
"HGVQu8GGOYU","UCBH1KZx6fkN2oDL46VL7-lQ",2026-03-27
"Q3UM-Wj5gec","UC1TWG3vZgFm-n6NpeKDx4jA",2026-03-27
"jYUZExjSHB8","UCxlNthtlYn3rWyjA1XCOLuw",2026-03-27
"UBuGr2W84v0","UCJ0cTCw8QxUB0U2lFtjpaEQ",2026-03-28
"Cldomhbu0nI","UC4zSeC2mJb1mQd1XGk4wjmw",2026-03-28
"cgGldxEBmIo","UCAvBGwk6yKYhXDDoXXXIeog",2026-03-28
"b5R1mHYihk0","UCJ0cTCw8QxUB0U2lFtjpaEQ",2026-03-28
"QOLlWsZyXVY","UCQX71aFdT5EBlf-KXOLXATA",2026-03-28
"i4-9-L1E1GQ","UC1TWG3vZgFm-n6NpeKDx4jA",2026-03-28
"b5HUdBXcZjg","UCWjue041KSU7Tu_PX8KkWQw",2026-03-28
"YzWHP73Vn7o","UCJ0cTCw8QxUB0U2lFtjpaEQ",2026-03-28
"AVDs1TdR4bU","UCJ0cTCw8QxUB0U2lFtjpaEQ",2026-03-28
"ZAG-T-0-gtE","UCxjwhABqs97sfYrDqGo4Exw",2026-03-28
"SaWn-kXs7cE","UCKAsDhlUnVEF5bGVC98kdtw",2026-03-28
"HQhEHfl9iJ0","UC1TWG3vZgFm-n6NpeKDx4jA",2026-03-29
"mabafyuuhEU","UCEYKSLqhk9HsOd68T2jKbbQ",2026-03-29
"g7fWds-HEXU","UCmzlU-Rtdz2tV1dI7KQvTxw",2026-03-29
"eP1q6S3Ol6I","UCAMl62VX7wwiL80MhgBo8ew",2026-03-29
"0mDf1jWXP48","UC4zSeC2mJb1mQd1XGk4wjmw",2026-03-29
"tYVRck7KoEI","UCJ0cTCw8QxUB0U2lFtjpaEQ",2026-03-30
"ChBhca9NP50","UCCv-2IH7-YazDLVZ7BEIhkg",2026-03-30
"DfAtxtCQTz0","UC1TWG3vZgFm-n6NpeKDx4jA",2026-03-30
"xKnszwz4Q9U","UCxlNthtlYn3rWyjA1XCOLuw",2026-03-30
"geR3qGOlOxc","UCAvBGwk6yKYhXDDoXXXIeog",2026-03-30
"10kweV8Ix4k","UC98oVGbwlYH7DUSx1TwcVnw",2026-03-30
"WxF2w47MZnw","UCJ0cTCw8QxUB0U2lFtjpaEQ",2026-03-31
"u5uHu_LRjlM","UCAMl62VX7wwiL80MhgBo8ew",2026-03-31
"dElwUZR1l38","UCxlNthtlYn3rWyjA1XCOLuw",2026-03-31
"6D_xu7vgb4A","UCEYKSLqhk9HsOd68T2jKbbQ",2026-03-31
"xqVwaT-h2gE","UCCv-2IH7-YazDLVZ7BEIhkg",2026-03-31
"xr5ckd81USU","UCfpjvePaHFyif-E7EEh-3tg",2026-03-31
"YhBYenyF2Kk","UC1TWG3vZgFm-n6NpeKDx4jA",2026-03-31
"1DnFkOR0rKE","UCJ0cTCw8QxUB0U2lFtjpaEQ",2026-03-31
"jwGBuG6kJBc","UCWjue041KSU7Tu_PX8KkWQw",2026-03-31
"1fdJQzKTKXI","UCJ0cTCw8QxUB0U2lFtjpaEQ",2026-03-31
"MQinTg-j-Qg","UCJ0cTCw8QxUB0U2lFtjpaEQ",2026-04-01
"bCJxF-bT8yI","UCjYFwkKvItvRTZYTMQfbTUA",2026-04-01
"vIolsSEi_84","UCJ0cTCw8QxUB0U2lFtjpaEQ",2026-04-01
"bha6sN7SjrU","UCJ0cTCw8QxUB0U2lFtjpaEQ",2026-04-01
"9KKBnQvf-lo","UC4zSeC2mJb1mQd1XGk4wjmw",2026-04-01
"5zIq1VY_n4s","UC79hvLewinJiByC0NyWBTBQ",2026-04-01
"P7PVMsvuH8Q","UCxjwhABqs97sfYrDqGo4Exw",2026-04-02
"z8Iy8MroL2c","UCJ0cTCw8QxUB0U2lFtjpaEQ",2026-03-26
"cu0HmShYI4g","UCJ0cTCw8QxUB0U2lFtjpaEQ",2026-03-26
"YEYaL6V0RHo","UC1TWG3vZgFm-n6NpeKDx4jA",2026-03-25
"RKdmMKhIqjE","UCAMl62VX7wwiL80MhgBo8ew",2026-03-25
"AukhYzE6_ng","UCJ0cTCw8QxUB0U2lFtjpaEQ",2026-03-25
"WtNe0FrFWpQ","UCJ0cTCw8QxUB0U2lFtjpaEQ",2026-03-24
"Wc2MJS_mTMo","UC4zSeC2mJb1mQd1XGk4wjmw",2026-03-24
"Eui3uiBletE","UCCv-2IH7-YazDLVZ7BEIhkg",2026-03-24
"kQWns4DKQU4","UC1TWG3vZgFm-n6NpeKDx4jA",2026-03-24
"aZ_DzXuV4I8","UCBH1KZx6fkN2oDL46VL7-lQ",2026-03-24
"PHBZh7fJEZQ","UCWjue041KSU7Tu_PX8KkWQw",2026-03-24
"kaGjx8KQeas","UCJ0cTCw8QxUB0U2lFtjpaEQ",2026-03-24
"_UjqxP773l4","UCJ0cTCw8QxUB0U2lFtjpaEQ",2026-03-23
"KvF21o3KZqg","UCWjue041KSU7Tu_PX8KkWQw",2026-03-23
"g97E0EkC7aU","UCCv-2IH7-YazDLVZ7BEIhkg",2026-03-23
"lnL9hncUYu8","UC1TWG3vZgFm-n6NpeKDx4jA",2026-03-23
"AGpWFGLpVxk","UCJ0cTCw8QxUB0U2lFtjpaEQ",2026-03-23
"d9_-iCXoiWw","UC1TWG3vZgFm-n6NpeKDx4jA",2026-03-22
"pbbQ5rUBzqg","UCCv-2IH7-YazDLVZ7BEIhkg",2026-03-22
"hlh9O-PUi30","UCJ0cTCw8QxUB0U2lFtjpaEQ",2026-03-22
"HkNiVheL-1Y","UCxlNthtlYn3rWyjA1XCOLuw",2026-03-22
"sc9nMK0bysY","UCJ0cTCw8QxUB0U2lFtjpaEQ",2026-03-22
"K7An7qxSm4o","UC1TWG3vZgFm-n6NpeKDx4jA",2026-03-21
"0aZPY4iYVXg","UCCv-2IH7-YazDLVZ7BEIhkg",2026-03-21
"aemE2TsoJrw","UC4zSeC2mJb1mQd1XGk4wjmw",2026-03-21
"JgCcuKDgi9Q","UCxlNthtlYn3rWyjA1XCOLuw",2026-03-21
"WVGnv9FQ4ic","UC1TWG3vZgFm-n6NpeKDx4jA",2026-03-21
"7AZeWnq7ZUw","UCWjue041KSU7Tu_PX8KkWQw",2026-03-20
"2dR5s6Vy5CY","UC1TWG3vZgFm-n6NpeKDx4jA",2026-03-20
"OpfocVb87p0","UCCv-2IH7-YazDLVZ7BEIhkg",2026-03-20
"GAwsLXWb7EI","UCxlNthtlYn3rWyjA1XCOLuw",2026-03-20
"Xc3aH-uqbUk","UCAMl62VX7wwiL80MhgBo8ew",2026-03-20
"tqvd8dKe6A4","UC98oVGbwlYH7DUSx1TwcVnw",2026-03-20
"q3PRmbQVp-U","UCxlNthtlYn3rWyjA1XCOLuw",2026-03-19
"xQeITtGjE2U","UCWjue041KSU7Tu_PX8KkWQw",2026-03-19
"GrLL_1PXRwg","UC1TWG3vZgFm-n6NpeKDx4jA",2026-03-19
"Ew5r1WzPEG4","UCCv-2IH7-YazDLVZ7BEIhkg",2026-03-19
"MjDsJ0fLJDw","UCAMl62VX7wwiL80MhgBo8ew",2026-03-19
"30NFlQghntw","UCWjue041KSU7Tu_PX8KkWQw",2026-03-18
"aM1SpRtSoFk","UC1TWG3vZgFm-n6NpeKDx4jA",2026-03-18
"Zfyxn0-F_bo","UCxlNthtlYn3rWyjA1XCOLuw",2026-03-18
"lBAndOISvpA","UCWjue041KSU7Tu_PX8KkWQw",2026-03-17
"kuZQ0ttraO8","UCCv-2IH7-YazDLVZ7BEIhkg",2026-03-17
"jWadogDKNOM","UCAMl62VX7wwiL80MhgBo8ew",2026-03-17
"3fmr9nFBwdY","UC1TWG3vZgFm-n6NpeKDx4jA",2026-03-17
"I2JFYzs_xEg","UCxlNthtlYn3rWyjA1XCOLuw",2026-03-17
"GfsbAGO6auQ","UCCv-2IH7-YazDLVZ7BEIhkg",2026-03-16
"cv_ia9DDtno","UCWjue041KSU7Tu_PX8KkWQw",2026-03-16
"DZRv2C3qoFk","UC79hvLewinJiByC0NyWBTBQ",2026-03-16
"JxX1HhK1sdQ","UCCv-2IH7-YazDLVZ7BEIhkg",2026-03-16
"XKYlFuTuRDI","UC1TWG3vZgFm-n6NpeKDx4jA",2026-03-16
"ArSSPt29tjI","UCjYFwkKvItvRTZYTMQfbTUA",2026-03-16
"OQPdlhqaPG0","UCJ0cTCw8QxUB0U2lFtjpaEQ",2026-03-16
"zajmL2yJsHw","UC1TWG3vZgFm-n6NpeKDx4jA",2026-03-15
"2XYmNNpCosY","UCEYKSLqhk9HsOd68T2jKbbQ",2026-03-15
"SLQ3j6A9eJc","UCjYFwkKvItvRTZYTMQfbTUA",2026-03-15
"tzvr86cJvFA","UCAMl62VX7wwiL80MhgBo8ew",2026-03-15
"HRkJ5TNVcH4","UCxlNthtlYn3rWyjA1XCOLuw",2026-03-15
"1UieyiH5VV4","UCCv-2IH7-YazDLVZ7BEIhkg",2026-03-14
"o5Gz7IWIHqc","UCmzlU-Rtdz2tV1dI7KQvTxw",2026-03-14
"6_rAuUR9s1k","UC1TWG3vZgFm-n6NpeKDx4jA",2026-03-14
"oRrKE07HQQk","UCjYFwkKvItvRTZYTMQfbTUA",2026-03-14
"jsYrY-duRTk","UCWjue041KSU7Tu_PX8KkWQw",2026-03-13
"s5iU7j4Do6I","UCAMl62VX7wwiL80MhgBo8ew",2026-03-13
"XT1N6p1N828","UC1TWG3vZgFm-n6NpeKDx4jA",2026-03-13
"ivrWzW3rh_w","UC98oVGbwlYH7DUSx1TwcVnw",2026-03-13
"AZR30M00GBg","UCjYFwkKvItvRTZYTMQfbTUA",2026-03-13
"msmBqUJGKv4","UCxlNthtlYn3rWyjA1XCOLuw",2026-03-13
"xHJZoR4p2uY","UCCv-2IH7-YazDLVZ7BEIhkg",2026-03-12
"LByWH4gfA2Q","UCJ0cTCw8QxUB0U2lFtjpaEQ",2026-03-12
"nbxDudCzXzo","UC1TWG3vZgFm-n6NpeKDx4jA",2026-03-12
"lnotiKQj95M","UCjYFwkKvItvRTZYTMQfbTUA",2026-03-12
"BAfGrWe_2ag","UCxlNthtlYn3rWyjA1XCOLuw",2026-03-12
"IbeFZcy5nWU","UCxlNthtlYn3rWyjA1XCOLuw",2026-03-11
"Le6R1TE6d48","UC1TWG3vZgFm-n6NpeKDx4jA",2026-03-11
"mAvhdKU7wC8","UCjYFwkKvItvRTZYTMQfbTUA",2026-03-11
"vVv6vksSHgE","UCAMl62VX7wwiL80MhgBo8ew",2026-03-11
"mNx-m1VuAXM","UCJ0cTCw8QxUB0U2lFtjpaEQ",2026-03-11
"aSrh3v3bE8w","UCJ0cTCw8QxUB0U2lFtjpaEQ",2026-03-11
"GPdxJGvgLUE","UC98oVGbwlYH7DUSx1TwcVnw",2026-03-11
"UScFBPO7JYY","UCjYFwkKvItvRTZYTMQfbTUA",2026-03-10
"x3tIoAfF0jA","UCKAsDhlUnVEF5bGVC98kdtw",2026-03-10
"P70_Ae6hWWU","UC1TWG3vZgFm-n6NpeKDx4jA",2026-03-10
"JirmhsVz1lQ","UCCv-2IH7-YazDLVZ7BEIhkg",2026-03-10
"yFF7rM6g2GQ","UCAMl62VX7wwiL80MhgBo8ew",2026-03-10
"vhmvawRPzto","UCjYFwkKvItvRTZYTMQfbTUA",2026-03-10
"q1XmsREAzOQ","UCjYFwkKvItvRTZYTMQfbTUA",2026-03-09
"DNheKJ4wyGc","UC79hvLewinJiByC0NyWBTBQ",2026-03-09
"eNm3fPCJNxk","UCKAsDhlUnVEF5bGVC98kdtw",2026-03-09
"2gNHfMyVH-s","UC1TWG3vZgFm-n6NpeKDx4jA",2026-03-09
"JGrFA3aMENk","UCCv-2IH7-YazDLVZ7BEIhkg",2026-03-09
"PYAPZStXKnY","UCjYFwkKvItvRTZYTMQfbTUA",2026-03-09
"cZkxuaVLz-U","UCCv-2IH7-YazDLVZ7BEIhkg",2026-03-08
"M_QDoyQnH08","UCJ0cTCw8QxUB0U2lFtjpaEQ",2026-03-08
"JekAYNnvfCk","UCKAsDhlUnVEF5bGVC98kdtw",2026-03-08
"vpcEe4J9ttA","UCAMl62VX7wwiL80MhgBo8ew",2026-03-08
"-2VzNCOV0Nw","UCjYFwkKvItvRTZYTMQfbTUA",2026-03-08
"8WgYnF0VIuA","UC1TWG3vZgFm-n6NpeKDx4jA",2026-03-08
"G95UnUuBaTA","UCEYKSLqhk9HsOd68T2jKbbQ",2026-03-08
"uBDHgnUgizw","UCCv-2IH7-YazDLVZ7BEIhkg",2026-03-08
"UjR78hLEmAE","UCjYFwkKvItvRTZYTMQfbTUA",2026-03-08
"Z2mDMwKGvSM","UCKAsDhlUnVEF5bGVC98kdtw",2026-03-07
"kkF_Y1Z-5ts","UCjYFwkKvItvRTZYTMQfbTUA",2026-03-07
"PY1jcsNAbYM","UC1TWG3vZgFm-n6NpeKDx4jA",2026-03-07
"sl2C1WlqwYI","UCJ0cTCw8QxUB0U2lFtjpaEQ",2026-03-07
"U9C1SC9V84Y","UCJ0cTCw8QxUB0U2lFtjpaEQ",2026-03-07
"WLEqCIuBB9c","UCAMl62VX7wwiL80MhgBo8ew",2026-03-07
"lqJI16XJPeU","UCxjwhABqs97sfYrDqGo4Exw",2026-03-07
"PSqIeJXjiIw","UCBH1KZx6fkN2oDL46VL7-lQ",2026-03-07
"m0rwmwN8tpE","UCJ0cTCw8QxUB0U2lFtjpaEQ",2026-03-06
"HqiGaYDTcq4","UCKAsDhlUnVEF5bGVC98kdtw",2026-03-06
"5G8Tooh7pgw","UCWjue041KSU7Tu_PX8KkWQw",2026-03-06
"VZ_Uee7-Ypg","UCxlNthtlYn3rWyjA1XCOLuw",2026-03-06
"ih_YNBrZKqg","UC1TWG3vZgFm-n6NpeKDx4jA",2026-03-06
"Lh13VcscSiU","UCjYFwkKvItvRTZYTMQfbTUA",2026-03-06
"yjMVfXzkZew","UCCv-2IH7-YazDLVZ7BEIhkg",2026-03-06
"ZUORfYQ9S3Y","UCJ0cTCw8QxUB0U2lFtjpaEQ",2026-03-06
"_4M_l7MkEgI","UCJ0cTCw8QxUB0U2lFtjpaEQ",2026-03-06
"1WI68yiQaeU","UCjYFwkKvItvRTZYTMQfbTUA",2026-03-05
"HYUd3gj_EPc","UCWjue041KSU7Tu_PX8KkWQw",2026-03-05
"2BbPMRzJQh4","UC79hvLewinJiByC0NyWBTBQ",2026-03-05
"tfFdIMTayL4","UCKAsDhlUnVEF5bGVC98kdtw",2026-03-05
"jjl9Gu8fKSA","UCAMl62VX7wwiL80MhgBo8ew",2026-03-05
"dOBwcVFmv9I","UC1TWG3vZgFm-n6NpeKDx4jA",2026-03-05
"zCzIAg77utU","UCJ0cTCw8QxUB0U2lFtjpaEQ",2026-03-05
"2VL8PZsRTXU","UCCv-2IH7-YazDLVZ7BEIhkg",2026-03-05
"YzOyaPEBfCQ","UCfpjvePaHFyif-E7EEh-3tg",2026-03-05
"8RU7sWqUhdU","UCJ0cTCw8QxUB0U2lFtjpaEQ",2026-03-04
"VxkAI_p-BKU","UCKAsDhlUnVEF5bGVC98kdtw",2026-03-04
"hAjk9l8dX2Y","UCjYFwkKvItvRTZYTMQfbTUA",2026-03-04
"VEPD_vFu6J8","UC1TWG3vZgFm-n6NpeKDx4jA",2026-03-04
"Aywou4gMp3A","UCWjue041KSU7Tu_PX8KkWQw",2026-03-04
"6ApgFjYvdPg","UCKAsDhlUnVEF5bGVC98kdtw",2026-03-03
"lt5rDKKweCI","UCjYFwkKvItvRTZYTMQfbTUA",2026-03-03
"hIPcsLMWAUY","UC1TWG3vZgFm-n6NpeKDx4jA",2026-03-03
"P1kzILyM3qo","UCCv-2IH7-YazDLVZ7BEIhkg",2026-03-03
"xwb56F1-oD8","UCAMl62VX7wwiL80MhgBo8ew",2026-03-03
"vYDhbvuEAe8","UCJ0cTCw8QxUB0U2lFtjpaEQ",2026-03-03
"DetvwDl10Wk","UC79hvLewinJiByC0NyWBTBQ",2026-03-02
"E3G4WcxOr_A","UCjYFwkKvItvRTZYTMQfbTUA",2026-03-02
"bW949EVYJ4w","UCKAsDhlUnVEF5bGVC98kdtw",2026-03-02
"AsSEXpkREfk","UCWjue041KSU7Tu_PX8KkWQw",2026-03-02
"ITIATE5obUA","UC1TWG3vZgFm-n6NpeKDx4jA",2026-03-02
"7cH8HSOqkqU","UCCv-2IH7-YazDLVZ7BEIhkg",2026-03-02
"8LF4QlbnOaU","UCJ0cTCw8QxUB0U2lFtjpaEQ",2026-03-02
"X0yUr2YNVvo","UC98oVGbwlYH7DUSx1TwcVnw",2026-03-01
"dFypyQ4IMjo","UCKAsDhlUnVEF5bGVC98kdtw",2026-03-01
"EIMTr7dGCUg","UCjYFwkKvItvRTZYTMQfbTUA",2026-03-01
"iP0Evgr2Z78","UCEYKSLqhk9HsOd68T2jKbbQ",2026-03-01
"IQN7OrHJPvA","UC1TWG3vZgFm-n6NpeKDx4jA",2026-03-01
"lekMa1kekTU","UCJ0cTCw8QxUB0U2lFtjpaEQ",2026-03-01
"5Mpc69ubZe0","UCKAsDhlUnVEF5bGVC98kdtw",2026-02-28
"8Y4bSWj9fcs","UCJ0cTCw8QxUB0U2lFtjpaEQ",2026-02-28
"b67SQEyMCgI","UC1TWG3vZgFm-n6NpeKDx4jA",2026-02-28
"90RyQ_n-exE","UC1TWG3vZgFm-n6NpeKDx4jA",2026-02-28
"t3SD6hMP5WI","UCjYFwkKvItvRTZYTMQfbTUA",2026-02-28
"bg1wui2WDoo","UCWjue041KSU7Tu_PX8KkWQw",2026-02-28
"QTXrfYchOpU","UCCv-2IH7-YazDLVZ7BEIhkg",2026-02-27
"iaKsPoHsOr8","UC98oVGbwlYH7DUSx1TwcVnw",2026-02-27
"CMUzz9cv-Lg","UCKAsDhlUnVEF5bGVC98kdtw",2026-02-27
"qmG49Jf0j4Q","UC1TWG3vZgFm-n6NpeKDx4jA",2026-02-27
"JjY4LXfYrB0","UC98oVGbwlYH7DUSx1TwcVnw",2026-02-27
"EBsIwDDdlQA","UCAMl62VX7wwiL80MhgBo8ew",2026-02-27
"JGdBqB176y4","UCJ0cTCw8QxUB0U2lFtjpaEQ",2026-02-27
"OGpfrFccJuo","UC98oVGbwlYH7DUSx1TwcVnw",2026-02-26
"WSTRUvnQZ_Y","UCjYFwkKvItvRTZYTMQfbTUA",2026-02-26
"_FQiuZbRFGI","UCCv-2IH7-YazDLVZ7BEIhkg",2026-02-26
"BI7rLPdtTLI","UC1TWG3vZgFm-n6NpeKDx4jA",2026-02-26
"PV7L_iWpCKA","UCjYFwkKvItvRTZYTMQfbTUA",2026-03-05
"RP6T8gwSquo","UCCv-2IH7-YazDLVZ7BEIhkg",2026-02-26
"rQdGvAqU7BY","UCJ0cTCw8QxUB0U2lFtjpaEQ",2026-02-26
"iD9xQWUx3aQ","UCJ0cTCw8QxUB0U2lFtjpaEQ",2026-02-26
"OFTh-FKSUNw","UCjYFwkKvItvRTZYTMQfbTUA",2026-02-25
"xWvpo-R_hyc","UC1TWG3vZgFm-n6NpeKDx4jA",2026-02-25
"VwYNTmiJ9-o","UCAMl62VX7wwiL80MhgBo8ew",2026-02-25
"A8MKAFr79-I","UC98oVGbwlYH7DUSx1TwcVnw",2026-02-24
"6_ecHp5MXDA","UCjYFwkKvItvRTZYTMQfbTUA",2026-02-24
"RB4Un3rvpF4","UC1TWG3vZgFm-n6NpeKDx4jA",2026-02-24
"2HUKeFsSPNc","UCCv-2IH7-YazDLVZ7BEIhkg",2026-02-24
"zgdl_ovCoPQ","UCJ0cTCw8QxUB0U2lFtjpaEQ",2026-02-24
"vcy799prUO0","UC98oVGbwlYH7DUSx1TwcVnw",2026-02-23
"baEYPtxoVS8","UCjYFwkKvItvRTZYTMQfbTUA",2026-02-23
"XghY0_Tafw4","UC1TWG3vZgFm-n6NpeKDx4jA",2026-02-23
"SFIsVNchAzk","UCCv-2IH7-YazDLVZ7BEIhkg",2026-02-23
"nR1ucit1qwg","UCAMl62VX7wwiL80MhgBo8ew",2026-02-23
